{"cameraMode":{"drawMode":0,"name":"Shaded","section":"Shading Mode"},"sceneLighting":true,"audioPlay":false,"sceneViewState":{"showFog":false,"showMaterialUpdate":false,"showSkybox":false,"showFlares":false,"showImageEffects":false,"showParticleSystems":false},"in2DMode":false,"pivot":{"x":-0.30544814467430117,"y":4.400881767272949,"z":-3.0655860900878908},"rotation":{"x":0.053584180772304538,"y":-0.10650170594453812,"z":0.00653988728299737,"w":0.9928927421569824},"size":9.238794326782227,"orthographic":true}