{"cameraMode":{"drawMode":0,"name":"Shaded","section":"Shading Mode"},"sceneLighting":false,"audioPlay":false,"sceneViewState":{"showFog":false,"showMaterialUpdate":false,"showSkybox":false,"showFlares":false,"showImageEffects":false,"showParticleSystems":false},"in2DMode":false,"pivot":{"x":-0.6500000953674316,"y":2.9000000953674318,"z":-0.25},"rotation":{"x":0.024875905364751817,"y":-0.8044098615646362,"z":0.03506907448172569,"w":0.5926035642623901},"size":7.037009239196777,"orthographic":true}