{"cameraMode":{"drawMode":0,"name":"Shaded","section":"Shading Mode"},"sceneLighting":true,"audioPlay":false,"sceneViewState":{"showFog":false,"showMaterialUpdate":false,"showSkybox":false,"showFlares":false,"showImageEffects":false,"showParticleSystems":false},"in2DMode":false,"pivot":{"x":44.4090576171875,"y":0.1806640625,"z":1.0576171875},"rotation":{"x":0.1254163235425949,"y":0.06959803402423859,"z":-0.008018922992050648,"w":0.9896513819694519},"size":3.920652389526367,"orthographic":true}