{"cameraMode":{"drawMode":0,"name":"Shaded","section":"Shading Mode"},"sceneLighting":true,"audioPlay":false,"sceneViewState":{"showFog":true,"showMaterialUpdate":false,"showSkybox":true,"showFlares":true,"showImageEffects":true,"showParticleSystems":true},"in2DMode":false,"pivot":{"x":1.011843204498291,"y":2.191560983657837,"z":-3.712566375732422},"rotation":{"x":-0.017404526472091676,"y":-0.1217304915189743,"z":-0.001869542640633881,"w":0.9926413893699646},"size":6.0688581466674809,"orthographic":true}