{"cameraMode":{"drawMode":0,"name":"Shaded","section":"Shading Mode"},"sceneLighting":true,"audioPlay":false,"sceneViewState":{"showFog":false,"showMaterialUpdate":false,"showSkybox":false,"showFlares":false,"showImageEffects":false,"showParticleSystems":false},"in2DMode":false,"pivot":{"x":3.4923095703125,"y":0.405029296875,"z":1.0390625},"rotation":{"x":0.07194201648235321,"y":0.014627666212618351,"z":-0.00027538154972717166,"w":0.9973086714744568},"size":4.759303569793701,"orthographic":true}