{"cameraMode":{"drawMode":0,"name":"Shaded","section":"Shading Mode"},"sceneLighting":false,"audioPlay":false,"sceneViewState":{"showFog":true,"showMaterialUpdate":false,"showSkybox":true,"showFlares":true,"showImageEffects":true,"showParticleSystems":true},"in2DMode":false,"pivot":{"x":0.05000000074505806,"y":2.049999952316284,"z":0.050000011920928958},"rotation":{"x":0.0017027136636897922,"y":-0.6082991361618042,"z":-0.001890244078822434,"w":-0.7942108511924744},"size":2.1107587814331056,"orthographic":true}