{"cameraMode":{"drawMode":0,"name":"Shaded","section":"Shading Mode"},"sceneLighting":false,"audioPlay":false,"sceneViewState":{"showFog":true,"showMaterialUpdate":false,"showSkybox":true,"showFlares":true,"showImageEffects":true,"showParticleSystems":true},"in2DMode":false,"pivot":{"x":-0.923757791519165,"y":3.9274652004241945,"z":-0.3805338144302368},"rotation":{"x":-0.046145446598529819,"y":0.30633997917175295,"z":0.01491432636976242,"w":0.9510151743888855},"size":8.504215240478516,"orthographic":true}