{"cameraMode":{"drawMode":0,"name":"Shaded","section":"Shading Mode"},"sceneLighting":false,"audioPlay":false,"sceneViewState":{"showFog":false,"showMaterialUpdate":false,"showSkybox":false,"showFlares":false,"showImageEffects":false,"showParticleSystems":false},"in2DMode":false,"pivot":{"x":-2.488579273223877,"y":2.307382583618164,"z":-0.961054801940918},"rotation":{"x":-0.004499946255236864,"y":-0.007500072941184044,"z":-0.00003465711051831022,"w":0.999968409538269},"size":7.164877414703369,"orthographic":true}