{"cameraMode":{"drawMode":0,"name":"Shaded","section":"Shading Mode"},"sceneLighting":false,"audioPlay":false,"sceneViewState":{"showFog":true,"showMaterialUpdate":false,"showSkybox":true,"showFlares":true,"showImageEffects":true,"showParticleSystems":true},"in2DMode":false,"pivot":{"x":1.3626095056533814,"y":4.510492324829102,"z":2.752776622772217},"rotation":{"x":-0.00002417413270450197,"y":-0.7872576117515564,"z":-0.0012907997006550432,"w":-0.6174390912055969},"size":6.09405517578125,"orthographic":true}