{"cameraMode":{"drawMode":0,"name":"Shaded","section":"Shading Mode"},"sceneLighting":false,"audioPlay":false,"sceneViewState":{"showFog":false,"showMaterialUpdate":false,"showSkybox":false,"showFlares":false,"showImageEffects":false,"showParticleSystems":false},"in2DMode":false,"pivot":{"x":5.5168938636779789,"y":2.3307127952575685,"z":1.611423373222351},"rotation":{"x":0.07068714499473572,"y":-0.2457820475101471,"z":0.017972426488995553,"w":0.9665886759757996},"size":8.318323135375977,"orthographic":true}