{"cameraMode":{"drawMode":0,"name":"Shaded","section":"Shading Mode"},"sceneLighting":false,"audioPlay":false,"sceneViewState":{"showFog":false,"showMaterialUpdate":false,"showSkybox":false,"showFlares":false,"showImageEffects":false,"showParticleSystems":false},"in2DMode":false,"pivot":{"x":-1.450000286102295,"y":4.100000381469727,"z":0.7999999523162842},"rotation":{"x":0.014992175623774529,"y":-0.035998646169900897,"z":0.0005301860510371625,"w":0.999354362487793},"size":8.27498722076416,"orthographic":true}