{"cameraMode":{"drawMode":0,"name":"Shaded","section":"Shading Mode"},"sceneLighting":false,"audioPlay":false,"sceneViewState":{"showFog":true,"showMaterialUpdate":false,"showSkybox":true,"showFlares":true,"showImageEffects":true,"showParticleSystems":true},"in2DMode":false,"pivot":{"x":0.05000000074505806,"y":2.049999952316284,"z":0.04999995231628418},"rotation":{"x":-0.0718546211719513,"y":0.7525931596755981,"z":-0.08436699956655503,"w":-0.6497156023979187},"size":11.057463645935059,"orthographic":true}