{"cameraMode":{"drawMode":0,"name":"Shaded","section":"Shading Mode"},"sceneLighting":true,"audioPlay":false,"sceneViewState":{"showFog":false,"showMaterialUpdate":false,"showSkybox":false,"showFlares":false,"showImageEffects":false,"showParticleSystems":false},"in2DMode":false,"pivot":{"x":-1.044907569885254,"y":4.227683067321777,"z":-2.787750244140625},"rotation":{"x":-0.03601090610027313,"y":0.4352276623249054,"z":-0.01971750520169735,"w":-0.8998551964759827},"size":7.008641719818115,"orthographic":true}