{"cameraMode":{"drawMode":0,"name":"Shaded","section":"Shading Mode"},"sceneLighting":true,"audioPlay":false,"sceneViewState":{"showFog":true,"showMaterialUpdate":false,"showSkybox":true,"showFlares":true,"showImageEffects":true,"showParticleSystems":true},"in2DMode":false,"pivot":{"x":-7.405000686645508,"y":0.7230000495910645,"z":-1.3600000143051148},"rotation":{"x":0.19082753360271455,"y":-0.0000015802593225089368,"z":-0.000013280572602525353,"w":0.9816473722457886},"size":5.394805908203125,"orthographic":false}