{"cameraMode":{"drawMode":0,"name":"Shaded","section":"Shading Mode"},"sceneLighting":false,"audioPlay":false,"sceneViewState":{"showFog":true,"showMaterialUpdate":false,"showSkybox":true,"showFlares":true,"showImageEffects":true,"showParticleSystems":true},"in2DMode":false,"pivot":{"x":-2.2144339084625246,"y":3.4664556980133058,"z":0.5334696769714356},"rotation":{"x":0.011501879431307316,"y":-0.013868461363017559,"z":0.0002879957901313901,"w":1.000178575515747},"size":9.053348541259766,"orthographic":true}