{"cameraMode":{"drawMode":0,"name":"Shaded","section":"Shading Mode"},"sceneLighting":true,"audioPlay":false,"sceneViewState":{"showFog":true,"showMaterialUpdate":false,"showSkybox":true,"showFlares":true,"showImageEffects":true,"showParticleSystems":true},"in2DMode":false,"pivot":{"x":42.8065071105957,"y":2.1918559074401857,"z":0.5649881362915039},"rotation":{"x":0.15388205647468568,"y":-0.01037590205669403,"z":0.0016038749599829317,"w":0.9880577921867371},"size":6.668345928192139,"orthographic":false}