{"cameraMode":{"drawMode":0,"name":"Shaded","section":"Shading Mode"},"sceneLighting":true,"audioPlay":false,"sceneViewState":{"showFog":false,"showMaterialUpdate":false,"showSkybox":false,"showFlares":false,"showImageEffects":false,"showParticleSystems":false},"in2DMode":false,"pivot":{"x":2.2645263671875,"y":-0.7314453125,"z":0.1669921875},"rotation":{"x":0.21174843609333039,"y":-0.04490694776177406,"z":0.009378147311508656,"w":0.976603627204895},"size":9.070600509643555,"orthographic":true}