{"cameraMode":{"drawMode":0,"name":"Shaded","section":"Shading Mode"},"sceneLighting":true,"audioPlay":false,"sceneViewState":{"showFog":false,"showMaterialUpdate":false,"showSkybox":false,"showFlares":false,"showImageEffects":false,"showParticleSystems":false},"in2DMode":false,"pivot":{"x":0.017486572265625,"y":2.443115234375,"z":1.8056640625},"rotation":{"x":0.18418721854686738,"y":-0.14705677330493928,"z":0.028688976541161538,"w":0.9714217782020569},"size":6.9216437339782719,"orthographic":true}