{"cameraMode":{"drawMode":0,"name":"Shaded","section":"Shading Mode"},"sceneLighting":false,"audioPlay":false,"sceneViewState":{"showFog":false,"showMaterialUpdate":false,"showSkybox":false,"showFlares":false,"showImageEffects":false,"showParticleSystems":false},"in2DMode":false,"pivot":{"x":2.1653809547424318,"y":5.795752048492432,"z":-1.831338882446289},"rotation":{"x":0.07488001137971878,"y":-0.6034975647926331,"z":0.05830404534935951,"w":0.7922365069389343},"size":9.947784423828125,"orthographic":true}