{"cameraMode":{"drawMode":0,"name":"Shaded","section":"Shading Mode"},"sceneLighting":false,"audioPlay":false,"sceneViewState":{"showFog":true,"showMaterialUpdate":false,"showSkybox":true,"showFlares":true,"showImageEffects":true,"showParticleSystems":true},"in2DMode":false,"pivot":{"x":-3.0870110988616945,"y":3.7901551723480226,"z":0.3046025037765503},"rotation":{"x":0.019465945661067964,"y":-0.05845731869339943,"z":0.0011416596826165915,"w":0.9981244802474976},"size":9.712345123291016,"orthographic":true}