{"cameraMode":{"drawMode":0,"name":"Shaded","section":"Shading Mode"},"sceneLighting":false,"audioPlay":false,"sceneViewState":{"showFog":false,"showMaterialUpdate":false,"showSkybox":false,"showFlares":false,"showImageEffects":false,"showParticleSystems":false},"in2DMode":false,"pivot":{"x":0.19999980926513673,"y":1.7999999523162842,"z":0.2999999523162842},"rotation":{"x":0.00802119355648756,"y":0.03957744687795639,"z":0.0003355332592036575,"w":0.9994626641273499},"size":8.990638732910157,"orthographic":true}