{"cameraMode":{"drawMode":0,"name":"Shaded","section":"Shading Mode"},"sceneLighting":false,"audioPlay":false,"sceneViewState":{"showFog":false,"showMaterialUpdate":false,"showSkybox":false,"showFlares":false,"showImageEffects":false,"showParticleSystems":false},"in2DMode":false,"pivot":{"x":-2.2909436225891115,"y":4.487835884094238,"z":1.706619381904602},"rotation":{"x":-0.014499319717288018,"y":-0.010098865255713463,"z":-0.00012137091107433662,"w":0.9998921155929565},"size":8.068188667297364,"orthographic":true}