{"cameraMode":{"drawMode":0,"name":"Shaded","section":"Shading Mode"},"sceneLighting":false,"audioPlay":false,"sceneViewState":{"showFog":false,"showMaterialUpdate":false,"showSkybox":false,"showFlares":false,"showImageEffects":false,"showParticleSystems":false},"in2DMode":false,"pivot":{"x":0.05000000074505806,"y":2.049999952316284,"z":0.05000000074505806},"rotation":{"x":0.00048419006634503603,"y":-0.02044350653886795,"z":0.0008143368177115917,"w":1.0001473426818848},"size":0.28578832745552065,"orthographic":true}