{"cameraMode":{"drawMode":0,"name":"Shaded","section":"Shading Mode"},"sceneLighting":false,"audioPlay":false,"sceneViewState":{"showFog":true,"showMaterialUpdate":false,"showSkybox":true,"showFlares":true,"showImageEffects":true,"showParticleSystems":true},"in2DMode":false,"pivot":{"x":-4.350966453552246,"y":4.128066062927246,"z":1.0778913497924805},"rotation":{"x":-0.20675316452980042,"y":0.21386422216892243,"z":0.04644140228629112,"w":0.9537141919136047},"size":4.418871879577637,"orthographic":true}