{"cameraMode":{"drawMode":0,"name":"Shaded","section":"Shading Mode"},"sceneLighting":false,"audioPlay":false,"sceneViewState":{"showFog":true,"showMaterialUpdate":false,"showSkybox":true,"showFlares":true,"showImageEffects":true,"showParticleSystems":true},"in2DMode":false,"pivot":{"x":0.04999995231628418,"y":2.049999952316284,"z":0.05000000074505806},"rotation":{"x":0.10269928723573685,"y":0.04932428523898125,"z":-0.005084717180579901,"w":0.9935433268547058},"size":8.456954002380371,"orthographic":true}