{"cameraMode":{"drawMode":0,"name":"Shaded","section":"Shading Mode"},"sceneLighting":false,"audioPlay":false,"sceneViewState":{"showFog":true,"showMaterialUpdate":false,"showSkybox":true,"showFlares":true,"showImageEffects":true,"showParticleSystems":true},"in2DMode":false,"pivot":{"x":0.05000000074505806,"y":2.049999952316284,"z":0.0},"rotation":{"x":-0.14856751263141633,"y":-0.698678195476532,"z":0.15050263702869416,"w":-0.6840516328811646},"size":4.9554972648620609,"orthographic":true}