{"cameraMode":{"drawMode":0,"name":"Shaded","section":"Shading Mode"},"sceneLighting":false,"audioPlay":false,"sceneViewState":{"showFog":false,"showMaterialUpdate":false,"showSkybox":false,"showFlares":false,"showImageEffects":false,"showParticleSystems":false},"in2DMode":false,"pivot":{"x":8.292073249816895,"y":5.462219715118408,"z":23.228750228881837},"rotation":{"x":0.010499745607376099,"y":-0.00031845661578699946,"z":0.00011413705215090886,"w":1.0001308917999268},"size":11.082045555114746,"orthographic":true}