{"cameraMode":{"drawMode":0,"name":"Shaded","section":"Shading Mode"},"sceneLighting":false,"audioPlay":false,"sceneViewState":{"showFog":true,"showMaterialUpdate":false,"showSkybox":true,"showFlares":true,"showImageEffects":true,"showParticleSystems":true},"in2DMode":false,"pivot":{"x":0.0,"y":1.2371561527252198,"z":-0.12078738212585449},"rotation":{"x":0.00007020685006864369,"y":0.9944475293159485,"z":0.0030252558644860985,"w":0.10660865902900696},"size":1.9354937076568604,"orthographic":true}