{"cameraMode":{"drawMode":0,"name":"Shaded","section":"Shading Mode"},"sceneLighting":true,"audioPlay":false,"sceneViewState":{"showFog":true,"showMaterialUpdate":false,"showSkybox":true,"showFlares":true,"showImageEffects":true,"showParticleSystems":true},"in2DMode":false,"pivot":{"x":-8.636096954345704,"y":-22.76351547241211,"z":54.48473358154297},"rotation":{"x":0.18800754845142365,"y":-0.08826673775911331,"z":0.016975121572613717,"w":0.9781133532524109},"size":67.75349426269531,"orthographic":false}