{"cameraMode":{"drawMode":0,"name":"Shaded","section":"Shading Mode"},"sceneLighting":true,"audioPlay":false,"sceneViewState":{"showFog":false,"showMaterialUpdate":false,"showSkybox":false,"showFlares":false,"showImageEffects":false,"showParticleSystems":false},"in2DMode":false,"pivot":{"x":33.94720458984375,"y":1.216796875,"z":-0.052734375},"rotation":{"x":0.08439616113901138,"y":-0.014825805090367794,"z":0.0028716642409563066,"w":0.9967103004455566},"size":12.048641204833985,"orthographic":true}