{"cameraMode":{"drawMode":0,"name":"Shaded","section":"Shading Mode"},"sceneLighting":true,"audioPlay":false,"sceneViewState":{"showFog":false,"showMaterialUpdate":false,"showSkybox":false,"showFlares":false,"showImageEffects":false,"showParticleSystems":false},"in2DMode":false,"pivot":{"x":2.2998509407043459,"y":0.74313884973526,"z":4.844542503356934},"rotation":{"x":0.21055392920970918,"y":-0.7085914015769959,"z":0.23706036806106568,"w":0.6310039758682251},"size":6.958798408508301,"orthographic":true}