{"cameraMode":{"drawMode":0,"name":"Shaded","section":"Shading Mode"},"sceneLighting":true,"audioPlay":false,"sceneViewState":{"showFog":true,"showMaterialUpdate":false,"showSkybox":true,"showFlares":true,"showImageEffects":true,"showParticleSystems":true},"in2DMode":false,"pivot":{"x":-48.76207733154297,"y":-4.050484657287598,"z":45.34347915649414},"rotation":{"x":0.027622584253549577,"y":-0.38970810174942019,"z":0.011693562380969525,"w":0.9204615950584412},"size":69.6031494140625,"orthographic":false}