{"cameraMode":{"drawMode":0,"name":"Shaded","section":"Shading Mode"},"sceneLighting":false,"audioPlay":false,"sceneViewState":{"showFog":false,"showMaterialUpdate":false,"showSkybox":false,"showFlares":false,"showImageEffects":false,"showParticleSystems":false},"in2DMode":false,"pivot":{"x":2.2001147270202638,"y":3.3668212890625,"z":-2.316984176635742},"rotation":{"x":0.08707394450902939,"y":-0.08368229866027832,"z":0.007859365083277226,"w":0.9930974245071411},"size":5.575856685638428,"orthographic":true}