{"cameraMode":{"drawMode":0,"name":"Shaded","section":"Shading Mode"},"sceneLighting":true,"audioPlay":false,"sceneViewState":{"showFog":false,"showMaterialUpdate":false,"showSkybox":false,"showFlares":false,"showImageEffects":false,"showParticleSystems":false},"in2DMode":false,"pivot":{"x":-0.3594815135002136,"y":3.4329402446746828,"z":-9.26562213897705},"rotation":{"x":0.1777285486459732,"y":-0.25308194756507876,"z":0.0475212000310421,"w":0.9499404430389404},"size":12.182085990905762,"orthographic":true}
