{"cameraMode":{"drawMode":0,"name":"Shaded","section":"Shading Mode"},"sceneLighting":true,"audioPlay":false,"sceneViewState":{"showFog":false,"showMaterialUpdate":false,"showSkybox":false,"showFlares":false,"showImageEffects":false,"showParticleSystems":false},"in2DMode":false,"pivot":{"x":-1.044907569885254,"y":4.227683067321777,"z":-2.787750244140625},"rotation":{"x":-0.02649395912885666,"y":0.3471341133117676,"z":-0.01198192685842514,"w":-0.937813401222229},"size":8.823015213012696,"orthographic":true}