{"cameraMode":{"drawMode":0,"name":"Shaded","section":"Shading Mode"},"sceneLighting":false,"audioPlay":false,"sceneViewState":{"showFog":false,"showMaterialUpdate":false,"showSkybox":false,"showFlares":false,"showImageEffects":false,"showParticleSystems":false},"in2DMode":false,"pivot":{"x":-2.2909436225891115,"y":4.487835884094238,"z":1.706619381904602},"rotation":{"x":0.031045548617839814,"y":0.24234403669834138,"z":-0.007740606553852558,"w":0.969699501991272},"size":8.068188667297364,"orthographic":true}