{"cameraMode":{"drawMode":0,"name":"Shaded","section":"Shading Mode"},"sceneLighting":true,"audioPlay":false,"sceneViewState":{"showFog":false,"showMaterialUpdate":false,"showSkybox":false,"showFlares":false,"showImageEffects":false,"showParticleSystems":false},"in2DMode":false,"pivot":{"x":-0.9349483251571655,"y":6.543318271636963,"z":0.9225410223007202},"rotation":{"x":0.052940625697374347,"y":-0.0329582542181015,"z":0.002463799435645342,"w":0.9984308481216431},"size":17.180862426757814,"orthographic":true}