{"cameraMode":{"drawMode":0,"name":"Shaded","section":"Shading Mode"},"sceneLighting":false,"audioPlay":false,"sceneViewState":{"showFog":true,"showMaterialUpdate":false,"showSkybox":true,"showFlares":true,"showImageEffects":true,"showParticleSystems":true},"in2DMode":false,"pivot":{"x":-1.1522417068481446,"y":4.0873541831970219,"z":0.3544941544532776},"rotation":{"x":0.009957975707948208,"y":0.09147078543901444,"z":-0.0009180858032777906,"w":0.9957773089408875},"size":9.681529998779297,"orthographic":true}