{"cameraMode":{"drawMode":0,"name":"Shaded","section":"Shading Mode"},"sceneLighting":false,"audioPlay":false,"sceneViewState":{"showFog":false,"showMaterialUpdate":false,"showSkybox":false,"showFlares":false,"showImageEffects":false,"showParticleSystems":false},"in2DMode":false,"pivot":{"x":0.04999995231628418,"y":2.049999952316284,"z":0.0},"rotation":{"x":0.27315449714660647,"y":-0.07408599555492401,"z":0.02109188586473465,"w":0.9589369893074036},"size":5.128289699554443,"orthographic":true}