{"cameraMode":{"drawMode":0,"name":"Shaded","section":"Shading Mode"},"sceneLighting":false,"audioPlay":false,"sceneViewState":{"showFog":true,"showMaterialUpdate":false,"showSkybox":true,"showFlares":true,"showImageEffects":true,"showParticleSystems":true},"in2DMode":false,"pivot":{"x":0.0,"y":2.049999952316284,"z":0.05000000074505806},"rotation":{"x":-0.004536128137260675,"y":-0.9937742948532105,"z":0.04224960878491402,"w":-0.10431741923093796},"size":3.8695931434631349,"orthographic":true}