{"cameraMode":{"drawMode":0,"name":"Shaded","section":"Shading Mode"},"sceneLighting":true,"audioPlay":false,"sceneViewState":{"showFog":true,"showMaterialUpdate":false,"showSkybox":true,"showFlares":true,"showImageEffects":true,"showParticleSystems":true},"in2DMode":false,"pivot":{"x":8.834612846374512,"y":-3.0451297760009767,"z":38.5723876953125},"rotation":{"x":0.09480078518390656,"y":0.14727731049060822,"z":-0.014172069728374482,"w":0.9844567775726318},"size":52.34847640991211,"orthographic":false}