{"cameraMode":{"drawMode":0,"name":"Shaded","section":"Shading Mode"},"sceneLighting":false,"audioPlay":false,"sceneViewState":{"showFog":true,"showMaterialUpdate":false,"showSkybox":true,"showFlares":true,"showImageEffects":true,"showParticleSystems":true},"in2DMode":false,"pivot":{"x":-0.5500001907348633,"y":3.2500009536743166,"z":0.049999892711639407},"rotation":{"x":0.08833588659763336,"y":-0.4617239236831665,"z":0.04654807969927788,"w":0.8815664052963257},"size":5.522080421447754,"orthographic":true}