{"cameraMode":{"drawMode":0,"name":"Shaded","section":"Shading Mode"},"sceneLighting":false,"audioPlay":false,"sceneViewState":{"showFog":false,"showMaterialUpdate":false,"showSkybox":false,"showFlares":false,"showImageEffects":false,"showParticleSystems":false},"in2DMode":false,"pivot":{"x":0.3000001907348633,"y":5.299999713897705,"z":9.300000190734864},"rotation":{"x":0.0001074547108146362,"y":-0.999914824962616,"z":0.0074998470954597,"w":0.020894978195428849},"size":23.844642639160158,"orthographic":true}