{"cameraMode":{"drawMode":0,"name":"Shaded","section":"Shading Mode"},"sceneLighting":false,"audioPlay":false,"sceneViewState":{"showFog":true,"showMaterialUpdate":false,"showSkybox":true,"showFlares":true,"showImageEffects":true,"showParticleSystems":true},"in2DMode":false,"pivot":{"x":4.716815948486328,"y":5.216292381286621,"z":-1.3251953125},"rotation":{"x":0.23050136864185334,"y":-0.27848365902900698,"z":0.06903728097677231,"w":0.9298222661018372},"size":5.584775447845459,"orthographic":true}