{"cameraMode":{"drawMode":0,"name":"Shaded","section":"Shading Mode"},"sceneLighting":true,"audioPlay":false,"sceneViewState":{"showFog":false,"showMaterialUpdate":false,"showSkybox":false,"showFlares":false,"showImageEffects":false,"showParticleSystems":false},"in2DMode":false,"pivot":{"x":11.6103515625,"y":5.04150390625,"z":6.72509765625},"rotation":{"x":0.0000037275722206686625,"y":0.08091337233781815,"z":0.000038620983104920015,"w":0.996816873550415},"size":12.626355171203614,"orthographic":true}