{"cameraMode":{"drawMode":0,"name":"Shaded","section":"Shading Mode"},"sceneLighting":true,"audioPlay":false,"sceneViewState":{"showFog":true,"showMaterialUpdate":false,"showSkybox":true,"showFlares":true,"showImageEffects":true,"showParticleSystems":true},"in2DMode":false,"pivot":{"x":-49.16603469848633,"y":-4.675623416900635,"z":44.86466979980469},"rotation":{"x":0.031703509390354159,"y":-0.393789142370224,"z":0.013589994981884957,"w":0.9185653924942017},"size":71.85601806640625,"orthographic":false}