{"cameraMode":{"drawMode":0,"name":"Shaded","section":"Shading Mode"},"sceneLighting":true,"audioPlay":false,"sceneViewState":{"showFog":false,"showMaterialUpdate":false,"showSkybox":false,"showFlares":false,"showImageEffects":false,"showParticleSystems":false},"in2DMode":false,"pivot":{"x":-2.9404094219207765,"y":-0.33732300996780398,"z":4.886490345001221},"rotation":{"x":0.17441841959953309,"y":-0.04157482087612152,"z":0.008350813761353493,"w":0.9838547110557556},"size":17.475900650024415,"orthographic":true}