{"cameraMode":{"drawMode":0,"name":"Shaded","section":"Shading Mode"},"sceneLighting":false,"audioPlay":false,"sceneViewState":{"showFog":false,"showMaterialUpdate":false,"showSkybox":false,"showFlares":false,"showImageEffects":false,"showParticleSystems":false},"in2DMode":false,"pivot":{"x":20.3033447265625,"y":3.1822509765625,"z":0.458984375},"rotation":{"x":-0.03299332410097122,"y":0.014405476860702038,"z":-0.000621188897639513,"w":-0.9995557069778442},"size":17.0750675201416,"orthographic":true}