{"cameraMode":{"drawMode":0,"name":"Shaded","section":"Shading Mode"},"sceneLighting":false,"audioPlay":false,"sceneViewState":{"showFog":false,"showMaterialUpdate":false,"showSkybox":false,"showFlares":false,"showImageEffects":false,"showParticleSystems":false},"in2DMode":false,"pivot":{"x":0.3000001907348633,"y":5.299999713897705,"z":9.300000190734864},"rotation":{"x":-0.00012990483082830906,"y":-1.0001344680786133,"z":0.004499255679547787,"w":-0.006106324028223753},"size":14.30530834197998,"orthographic":true}