{"cameraMode":{"drawMode":0,"name":"Shaded","section":"Shading Mode"},"sceneLighting":false,"audioPlay":false,"sceneViewState":{"showFog":false,"showMaterialUpdate":false,"showSkybox":false,"showFlares":false,"showImageEffects":false,"showParticleSystems":false},"in2DMode":false,"pivot":{"x":3.6865015029907228,"y":4.317079067230225,"z":2.1544952392578127},"rotation":{"x":0.014893070794641972,"y":0.6447276473045349,"z":-0.012586432509124279,"w":0.7642087340354919},"size":7.988827228546143,"orthographic":true}