{"cameraMode":{"drawMode":0,"name":"Shaded","section":"Shading Mode"},"sceneLighting":true,"audioPlay":false,"sceneViewState":{"showFog":false,"showMaterialUpdate":false,"showSkybox":false,"showFlares":false,"showImageEffects":false,"showParticleSystems":false},"in2DMode":false,"pivot":{"x":210.260009765625,"y":130.36093139648438,"z":189.799072265625},"rotation":{"x":-0.04644094407558441,"y":0.029519272968173028,"z":0.00231383228674531,"w":0.9985795617103577},"size":398.53680419921877,"orthographic":true}