{"cameraMode":{"drawMode":0,"name":"Shaded","section":"Shading Mode"},"sceneLighting":true,"audioPlay":false,"sceneViewState":{"showFog":false,"showMaterialUpdate":false,"showSkybox":false,"showFlares":false,"showImageEffects":false,"showParticleSystems":false},"in2DMode":false,"pivot":{"x":3.6999998092651369,"y":0.6999998092651367,"z":1.1999993324279786},"rotation":{"x":0.07391229271888733,"y":-0.03679535165429115,"z":0.002499328227713704,"w":0.9968799948692322},"size":9.474587440490723,"orthographic":true}