{"cameraMode":{"drawMode":0,"name":"Shaded","section":"Shading Mode"},"sceneLighting":true,"audioPlay":false,"sceneViewState":{"showFog":false,"showMaterialUpdate":false,"showSkybox":false,"showFlares":false,"showImageEffects":false,"showParticleSystems":false},"in2DMode":false,"pivot":{"x":21.392038345336915,"y":2.562927007675171,"z":-28.433225631713868},"rotation":{"x":0.03197872266173363,"y":-0.011938774958252907,"z":0.002364442450925708,"w":0.9998213648796082},"size":37.74190902709961,"orthographic":true}