{"cameraMode":{"drawMode":0,"name":"Shaded","section":"Shading Mode"},"sceneLighting":false,"audioPlay":false,"sceneViewState":{"showFog":false,"showMaterialUpdate":false,"showSkybox":false,"showFlares":false,"showImageEffects":false,"showParticleSystems":false},"in2DMode":false,"pivot":{"x":-0.40000009536743166,"y":1.7999999523162842,"z":0.2999999523162842},"rotation":{"x":0.0009978770976886154,"y":-0.002429358894005418,"z":0.0008135644602589309,"w":1.000288963317871},"size":9.303420066833496,"orthographic":true}