{"cameraMode":{"drawMode":0,"name":"Shaded","section":"Shading Mode"},"sceneLighting":true,"audioPlay":false,"sceneViewState":{"showFog":false,"showMaterialUpdate":false,"showSkybox":false,"showFlares":false,"showImageEffects":false,"showParticleSystems":false},"in2DMode":false,"pivot":{"x":-0.25850197672843935,"y":-0.8754171133041382,"z":0.028546646237373353},"rotation":{"x":0.15143699944019319,"y":-0.015706129372119905,"z":0.0023914158809930088,"w":0.9886138439178467},"size":14.207294464111329,"orthographic":true}