{"cameraMode":{"drawMode":0,"name":"Shaded","section":"Shading Mode"},"sceneLighting":false,"audioPlay":false,"sceneViewState":{"showFog":true,"showMaterialUpdate":false,"showSkybox":true,"showFlares":true,"showImageEffects":true,"showParticleSystems":true},"in2DMode":false,"pivot":{"x":0.05000000074505806,"y":2.0,"z":0.04999995231628418},"rotation":{"x":-0.001155199483036995,"y":0.6951097846031189,"z":0.0016838379669934512,"w":0.7194429636001587},"size":4.566656589508057,"orthographic":true}