{"cameraMode":{"drawMode":0,"name":"Shaded","section":"Shading Mode"},"sceneLighting":false,"audioPlay":false,"sceneViewState":{"showFog":true,"showMaterialUpdate":false,"showSkybox":true,"showFlares":true,"showImageEffects":true,"showParticleSystems":true},"in2DMode":false,"pivot":{"x":0.05000000447034836,"y":2.0,"z":0.05000000074505806},"rotation":{"x":-0.00004331783202360384,"y":-0.15997347235679627,"z":-0.00026997478562407196,"w":-0.9875170588493347},"size":1.8521205186843873,"orthographic":true}