{"cameraMode":{"drawMode":0,"name":"Shaded","section":"Shading Mode"},"sceneLighting":true,"audioPlay":false,"sceneViewState":{"showFog":false,"showMaterialUpdate":false,"showSkybox":false,"showFlares":false,"showImageEffects":false,"showParticleSystems":false},"in2DMode":false,"pivot":{"x":-5.797607421875,"y":2.928466796875,"z":-1.599609375},"rotation":{"x":0.017977837473154069,"y":-0.021370813250541688,"z":0.0011880475794896484,"w":0.9996347427368164},"size":10.706096649169922,"orthographic":true}