{"cameraMode":{"drawMode":0,"name":"Shaded","section":"Shading Mode"},"sceneLighting":true,"audioPlay":false,"sceneViewState":{"showFog":false,"showMaterialUpdate":false,"showSkybox":false,"showFlares":false,"showImageEffects":false,"showParticleSystems":false},"in2DMode":false,"pivot":{"x":-30.8439884185791,"y":-60.89311981201172,"z":185.70469665527345},"rotation":{"x":0.20779196918010713,"y":-0.07495155930519104,"z":0.016936149448156358,"w":0.9752512574195862},"size":128.4979705810547,"orthographic":true}