{"cameraMode":{"drawMode":0,"name":"Shaded","section":"Shading Mode"},"sceneLighting":false,"audioPlay":false,"sceneViewState":{"showFog":true,"showMaterialUpdate":false,"showSkybox":true,"showFlares":true,"showImageEffects":true,"showParticleSystems":true},"in2DMode":false,"pivot":{"x":0.7999999523162842,"y":4.699999809265137,"z":0.7000000476837158},"rotation":{"x":0.2642008662223816,"y":0.16536164283752442,"z":-0.046028029173612598,"w":0.9490827322006226},"size":11.925745964050293,"orthographic":false}