{"cameraMode":{"drawMode":0,"name":"Shaded","section":"Shading Mode"},"sceneLighting":true,"audioPlay":false,"sceneViewState":{"showFog":true,"showMaterialUpdate":false,"showSkybox":true,"showFlares":true,"showImageEffects":true,"showParticleSystems":true},"in2DMode":false,"pivot":{"x":-5.269913673400879,"y":2.5967164039611818,"z":-3.5698280334472658},"rotation":{"x":0.20202209055423737,"y":0.07337941974401474,"z":-0.015170475468039513,"w":0.9765247106552124},"size":12.949941635131836,"orthographic":false}