{"cameraMode":{"drawMode":0,"name":"Shaded","section":"Shading Mode"},"sceneLighting":true,"audioPlay":false,"sceneViewState":{"showFog":false,"showMaterialUpdate":false,"showSkybox":false,"showFlares":false,"showImageEffects":false,"showParticleSystems":false},"in2DMode":false,"pivot":{"x":3.394035816192627,"y":1.1060292720794678,"z":-3.4618425369262697},"rotation":{"x":-0.038495004177093509,"y":-0.0018058416899293662,"z":0.00006033598765498027,"w":-0.9993796944618225},"size":8.250499725341797,"orthographic":true}