{"cameraMode":{"drawMode":0,"name":"Shaded","section":"Shading Mode"},"sceneLighting":true,"audioPlay":false,"sceneViewState":{"showFog":false,"showMaterialUpdate":false,"showSkybox":false,"showFlares":false,"showImageEffects":false,"showParticleSystems":false},"in2DMode":false,"pivot":{"x":2.9360733032226564,"y":4.517578125,"z":-6.0791015625},"rotation":{"x":0.17312851548194886,"y":-0.0017314585857093335,"z":0.00111018109600991,"w":0.9849384427070618},"size":8.460241317749024,"orthographic":true}