{"cameraMode":{"drawMode":0,"name":"Shaded","section":"Shading Mode"},"sceneLighting":true,"audioPlay":false,"sceneViewState":{"showFog":false,"showMaterialUpdate":false,"showSkybox":false,"showFlares":false,"showImageEffects":false,"showParticleSystems":false},"in2DMode":false,"pivot":{"x":-6.5047607421875,"y":-1.1904296875,"z":1.6953125},"rotation":{"x":0.19377364218235017,"y":0.014503243379294873,"z":-0.0019217872759327293,"w":0.9810174107551575},"size":9.440685272216797,"orthographic":true}