{"cameraMode":{"drawMode":0,"name":"Shaded","section":"Shading Mode"},"sceneLighting":false,"audioPlay":false,"sceneViewState":{"showFog":false,"showMaterialUpdate":false,"showSkybox":false,"showFlares":false,"showImageEffects":false,"showParticleSystems":false},"in2DMode":false,"pivot":{"x":0.40000009536743166,"y":1.1499996185302735,"z":0.0},"rotation":{"x":0.035012852400541309,"y":0.02396896481513977,"z":-0.00008779860218055546,"w":0.999447762966156},"size":17.42047691345215,"orthographic":true}