{"cameraMode":{"drawMode":0,"name":"Shaded","section":"Shading Mode"},"sceneLighting":true,"audioPlay":false,"sceneViewState":{"showFog":false,"showMaterialUpdate":false,"showSkybox":false,"showFlares":false,"showImageEffects":false,"showParticleSystems":false},"in2DMode":false,"pivot":{"x":19.87630271911621,"y":8.9979887008667,"z":3.8904592990875246},"rotation":{"x":0.011999811045825482,"y":-0.00150014937389642,"z":0.00001986466668313369,"w":0.9999353885650635},"size":33.48099899291992,"orthographic":true}