{"cameraMode":{"drawMode":0,"name":"Shaded","section":"Shading Mode"},"sceneLighting":true,"audioPlay":false,"sceneViewState":{"showFog":false,"showMaterialUpdate":false,"showSkybox":false,"showFlares":false,"showImageEffects":false,"showParticleSystems":false},"in2DMode":false,"pivot":{"x":25.615554809570314,"y":3.990234375,"z":-0.44921875},"rotation":{"x":0.10480785369873047,"y":-0.003295894945040345,"z":0.0011463045375421644,"w":0.9945263266563416},"size":29.113962173461915,"orthographic":true}