{"cameraMode":{"drawMode":0,"name":"Shaded","section":"Shading Mode"},"sceneLighting":false,"audioPlay":false,"sceneViewState":{"showFog":true,"showMaterialUpdate":false,"showSkybox":true,"showFlares":true,"showImageEffects":true,"showParticleSystems":true},"in2DMode":false,"pivot":{"x":-4.284063816070557,"y":2.0890114307403566,"z":3.5695695877075197},"rotation":{"x":0.027872340753674508,"y":-0.09432434290647507,"z":0.002637942787259817,"w":0.9951596856117249},"size":14.718235969543457,"orthographic":false}