{"cameraMode":{"drawMode":0,"name":"Shaded","section":"Shading Mode"},"sceneLighting":true,"audioPlay":false,"sceneViewState":{"showFog":true,"showMaterialUpdate":false,"showSkybox":true,"showFlares":true,"showImageEffects":true,"showParticleSystems":true},"in2DMode":false,"pivot":{"x":14.634979248046875,"y":7.701416015625,"z":-11.43359375},"rotation":{"x":0.011999586597084999,"y":-0.004499587696045637,"z":0.00005397901259129867,"w":0.9999178647994995},"size":40.27106475830078,"orthographic":true}