{"cameraMode":{"drawMode":0,"name":"Shaded","section":"Shading Mode"},"sceneLighting":false,"audioPlay":false,"sceneViewState":{"showFog":true,"showMaterialUpdate":false,"showSkybox":true,"showFlares":true,"showImageEffects":true,"showParticleSystems":true},"in2DMode":false,"pivot":{"x":-0.923757791519165,"y":3.9274652004241945,"z":-0.3805338144302368},"rotation":{"x":0.00650070421397686,"y":0.06759604066610336,"z":-0.00024068621860351413,"w":0.9979739785194397},"size":9.823476791381836,"orthographic":true}