{"cameraMode":{"drawMode":0,"name":"Shaded","section":"Shading Mode"},"sceneLighting":true,"audioPlay":false,"sceneViewState":{"showFog":false,"showMaterialUpdate":false,"showSkybox":false,"showFlares":false,"showImageEffects":false,"showParticleSystems":false},"in2DMode":false,"pivot":{"x":-2.6256103515625,"y":2.476348876953125,"z":-1.8828125},"rotation":{"x":0.10090475529432297,"y":-0.16873733699321748,"z":0.017142873257398607,"w":0.9806315898895264},"size":11.52717399597168,"orthographic":true}