{"cameraMode":{"drawMode":0,"name":"Shaded","section":"Shading Mode"},"sceneLighting":false,"audioPlay":false,"sceneViewState":{"showFog":false,"showMaterialUpdate":false,"showSkybox":false,"showFlares":false,"showImageEffects":false,"showParticleSystems":false},"in2DMode":false,"pivot":{"x":0.5500001907348633,"y":3.450000047683716,"z":0.25},"rotation":{"x":0.07782460749149323,"y":0.14017237722873689,"z":-0.009935395792126656,"w":0.9874050617218018},"size":20.710622787475587,"orthographic":true}