{"cameraMode":{"drawMode":0,"name":"Shaded","section":"Shading Mode"},"sceneLighting":false,"audioPlay":false,"sceneViewState":{"showFog":true,"showMaterialUpdate":false,"showSkybox":true,"showFlares":true,"showImageEffects":true,"showParticleSystems":true},"in2DMode":false,"pivot":{"x":-3.2529296875,"y":2.47289776802063,"z":0.4351857304573059},"rotation":{"x":0.029638392850756646,"y":-0.15381735563278199,"z":0.0046155499294400219,"w":0.9876481890678406},"size":4.737532615661621,"orthographic":true}