{"cameraMode":{"drawMode":0,"name":"Shaded","section":"Shading Mode"},"sceneLighting":false,"audioPlay":false,"sceneViewState":{"showFog":true,"showMaterialUpdate":false,"showSkybox":true,"showFlares":true,"showImageEffects":true,"showParticleSystems":true},"in2DMode":false,"pivot":{"x":0.0,"y":2.049999952316284,"z":0.05000000074505806},"rotation":{"x":-0.02764766477048397,"y":-0.3365682363510132,"z":0.00884074904024601,"w":-0.9417448043823242},"size":5.285154342651367,"orthographic":true}