{"cameraMode":{"drawMode":0,"name":"Shaded","section":"Shading Mode"},"sceneLighting":false,"audioPlay":false,"sceneViewState":{"showFog":true,"showMaterialUpdate":false,"showSkybox":true,"showFlares":true,"showImageEffects":true,"showParticleSystems":true},"in2DMode":false,"pivot":{"x":2.422186851501465,"y":4.041891574859619,"z":2.390585422515869},"rotation":{"x":0.004199122078716755,"y":-0.7336724400520325,"z":-0.005657481960952282,"w":-0.6801978945732117},"size":9.250907897949219,"orthographic":true}