{"cameraMode":{"drawMode":0,"name":"Shaded","section":"Shading Mode"},"sceneLighting":false,"audioPlay":false,"sceneViewState":{"showFog":true,"showMaterialUpdate":false,"showSkybox":true,"showFlares":true,"showImageEffects":true,"showParticleSystems":true},"in2DMode":false,"pivot":{"x":-1.1654868125915528,"y":3.522735357284546,"z":-0.1357434093952179},"rotation":{"x":-0.0018118942389264703,"y":-0.9240461587905884,"z":0.0030388038139790298,"w":-0.3832797408103943},"size":6.312400817871094,"orthographic":true}