{"cameraMode":{"drawMode":0,"name":"Shaded","section":"Shading Mode"},"sceneLighting":true,"audioPlay":false,"sceneViewState":{"showFog":false,"showMaterialUpdate":false,"showSkybox":false,"showFlares":false,"showImageEffects":false,"showParticleSystems":false},"in2DMode":false,"pivot":{"x":-4.04221248626709,"y":2.194063186645508,"z":0.8854597210884094},"rotation":{"x":0.06634620577096939,"y":-0.05176045745611191,"z":0.0040816375985741619,"w":0.996719241142273},"size":7.137095928192139,"orthographic":true}