{"cameraMode":{"drawMode":0,"name":"Shaded","section":"Shading Mode"},"sceneLighting":false,"audioPlay":false,"sceneViewState":{"showFog":true,"showMaterialUpdate":false,"showSkybox":true,"showFlares":true,"showImageEffects":true,"showParticleSystems":true},"in2DMode":false,"pivot":{"x":-0.5500001907348633,"y":3.2500009536743166,"z":0.049999892711639407},"rotation":{"x":0.08524413406848908,"y":0.16565075516700746,"z":-0.01411870401352644,"w":0.9825453162193298},"size":3.5558207035064699,"orthographic":true}