{"cameraMode":{"drawMode":0,"name":"Shaded","section":"Shading Mode"},"sceneLighting":false,"audioPlay":false,"sceneViewState":{"showFog":false,"showMaterialUpdate":false,"showSkybox":false,"showFlares":false,"showImageEffects":false,"showParticleSystems":false},"in2DMode":false,"pivot":{"x":0.0,"y":2.049999952316284,"z":0.05000000074505806},"rotation":{"x":-0.015419692732393742,"y":0.08185651898384094,"z":0.0016392073594033719,"w":0.9965313673019409},"size":2.9267523288726808,"orthographic":true}