{"cameraMode":{"drawMode":0,"name":"Shaded","section":"Shading Mode"},"sceneLighting":false,"audioPlay":false,"sceneViewState":{"showFog":false,"showMaterialUpdate":false,"showSkybox":false,"showFlares":false,"showImageEffects":false,"showParticleSystems":false},"in2DMode":false,"pivot":{"x":-0.40000009536743166,"y":1.7999999523162842,"z":0.2999999523162842},"rotation":{"x":-0.0315968319773674,"y":0.216274231672287,"z":0.0076505825854837898,"w":0.9760725498199463},"size":21.30992889404297,"orthographic":true}