{"cameraMode":{"drawMode":0,"name":"Shaded","section":"Shading Mode"},"sceneLighting":true,"audioPlay":false,"sceneViewState":{"showFog":false,"showMaterialUpdate":false,"showSkybox":false,"showFlares":false,"showImageEffects":false,"showParticleSystems":false},"in2DMode":false,"pivot":{"x":-5.036470413208008,"y":3.7009456157684328,"z":2.5326032638549806},"rotation":{"x":0.06048303097486496,"y":-0.01439956109970808,"z":0.0005164453759789467,"w":0.9984106421470642},"size":10.683084487915039,"orthographic":true}