{"cameraMode":{"drawMode":0,"name":"Shaded","section":"Shading Mode"},"sceneLighting":true,"audioPlay":false,"sceneViewState":{"showFog":false,"showMaterialUpdate":false,"showSkybox":false,"showFlares":false,"showImageEffects":false,"showParticleSystems":false},"in2DMode":false,"pivot":{"x":47.480133056640628,"y":5.919921875,"z":-2.94921875},"rotation":{"x":-0.06947781145572663,"y":-0.004067449364811182,"z":-0.0017696155700832606,"w":-0.9979852437973023},"size":12.648259162902832,"orthographic":true}