{"cameraMode":{"drawMode":0,"name":"Shaded","section":"Shading Mode"},"sceneLighting":false,"audioPlay":false,"sceneViewState":{"showFog":true,"showMaterialUpdate":false,"showSkybox":true,"showFlares":true,"showImageEffects":true,"showParticleSystems":true},"in2DMode":false,"pivot":{"x":-1.1522417068481446,"y":4.0873541831970219,"z":0.3544941544532776},"rotation":{"x":0.018998323008418084,"y":-0.010396488010883332,"z":0.00019616499776020646,"w":0.999783456325531},"size":9.681529998779297,"orthographic":true}