{"cameraMode":{"drawMode":0,"name":"Shaded","section":"Shading Mode"},"sceneLighting":false,"audioPlay":false,"sceneViewState":{"showFog":true,"showMaterialUpdate":false,"showSkybox":true,"showFlares":true,"showImageEffects":true,"showParticleSystems":true},"in2DMode":false,"pivot":{"x":-2.2268686294555666,"y":4.400318145751953,"z":-1.7674154043197632},"rotation":{"x":0.005506423301994801,"y":0.031613048166036609,"z":0.00010913901496678591,"w":0.9996711611747742},"size":7.72667932510376,"orthographic":true}