{"cameraMode":{"drawMode":0,"name":"Shaded","section":"Shading Mode"},"sceneLighting":false,"audioPlay":false,"sceneViewState":{"showFog":true,"showMaterialUpdate":false,"showSkybox":true,"showFlares":true,"showImageEffects":true,"showParticleSystems":true},"in2DMode":false,"pivot":{"x":1.6152923107147217,"y":3.1907341480255129,"z":0.3435092270374298},"rotation":{"x":0.6361023187637329,"y":-0.01492587011307478,"z":0.012377697974443436,"w":0.7715073227882385},"size":3.068472146987915,"orthographic":true}