{"cameraMode":{"drawMode":0,"name":"Shaded","section":"Shading Mode"},"sceneLighting":false,"audioPlay":false,"sceneViewState":{"showFog":true,"showMaterialUpdate":false,"showSkybox":true,"showFlares":true,"showImageEffects":true,"showParticleSystems":true},"in2DMode":false,"pivot":{"x":1.7109581232070923,"y":4.397261619567871,"z":-2.160885810852051},"rotation":{"x":0.016834044829010965,"y":-0.6727316975593567,"z":-0.01643267087638378,"w":-0.7401929497718811},"size":9.65767765045166,"orthographic":true}