{"cameraMode":{"drawMode":0,"name":"Shaded","section":"Shading Mode"},"sceneLighting":false,"audioPlay":false,"sceneViewState":{"showFog":false,"showMaterialUpdate":false,"showSkybox":false,"showFlares":false,"showImageEffects":false,"showParticleSystems":false},"in2DMode":false,"pivot":{"x":0.04999995231628418,"y":2.0,"z":0.05000000074505806},"rotation":{"x":0.003999681212007999,"y":0.0053152344189584259,"z":-0.00012051960220560431,"w":1.0000605583190919},"size":9.130331039428711,"orthographic":true}