{"cameraMode":{"drawMode":0,"name":"Shaded","section":"Shading Mode"},"sceneLighting":false,"audioPlay":false,"sceneViewState":{"showFog":true,"showMaterialUpdate":false,"showSkybox":true,"showFlares":true,"showImageEffects":true,"showParticleSystems":true},"in2DMode":false,"pivot":{"x":-0.923757791519165,"y":3.9274652004241945,"z":-0.3805338144302368},"rotation":{"x":-0.019890157505869867,"y":0.10195466876029968,"z":0.0021341119427233936,"w":0.9948806762695313},"size":9.823476791381836,"orthographic":true}