{"cameraMode":{"drawMode":0,"name":"Shaded","section":"Shading Mode"},"sceneLighting":true,"audioPlay":false,"sceneViewState":{"showFog":false,"showMaterialUpdate":false,"showSkybox":false,"showFlares":false,"showImageEffects":false,"showParticleSystems":false},"in2DMode":false,"pivot":{"x":28.221416473388673,"y":-0.918489933013916,"z":9.097591400146485},"rotation":{"x":0.45925214886665347,"y":-0.038588836789131168,"z":0.020154425874352456,"w":0.8875696659088135},"size":29.143245697021486,"orthographic":true}