{"cameraMode":{"drawMode":0,"name":"Shaded","section":"Shading Mode"},"sceneLighting":false,"audioPlay":false,"sceneViewState":{"showFog":false,"showMaterialUpdate":false,"showSkybox":false,"showFlares":false,"showImageEffects":false,"showParticleSystems":false},"in2DMode":false,"pivot":{"x":1.1500000953674317,"y":4.199999809265137,"z":0.5},"rotation":{"x":0.0010754064423963428,"y":0.7001380920410156,"z":-0.0010468477848917246,"w":0.7141455411911011},"size":11.251358985900879,"orthographic":true}