{"cameraMode":{"drawMode":0,"name":"Shaded","section":"Shading Mode"},"sceneLighting":true,"audioPlay":false,"sceneViewState":{"showFog":false,"showMaterialUpdate":false,"showSkybox":false,"showFlares":false,"showImageEffects":false,"showParticleSystems":false},"in2DMode":false,"pivot":{"x":7.812646865844727,"y":0.9556226134300232,"z":1.237271785736084},"rotation":{"x":0.14045505225658418,"y":0.28099381923675539,"z":-0.0415969043970108,"w":0.9485610127449036},"size":2.300462007522583,"orthographic":true}