{"cameraMode":{"drawMode":0,"name":"Shaded","section":"Shading Mode"},"sceneLighting":true,"audioPlay":false,"sceneViewState":{"showFog":false,"showMaterialUpdate":false,"showSkybox":false,"showFlares":false,"showImageEffects":false,"showParticleSystems":false},"in2DMode":false,"pivot":{"x":27.74429702758789,"y":1.869616985321045,"z":1.0661687850952149},"rotation":{"x":0.37407833337783816,"y":-0.28866860270500185,"z":0.1238749623298645,"w":0.8726842999458313},"size":7.202686309814453,"orthographic":true}