{"cameraMode":{"drawMode":0,"name":"Shaded","section":"Shading Mode"},"sceneLighting":true,"audioPlay":false,"sceneViewState":{"showFog":false,"showMaterialUpdate":false,"showSkybox":false,"showFlares":false,"showImageEffects":false,"showParticleSystems":false},"in2DMode":false,"pivot":{"x":-4.624142646789551,"y":1.4468282461166382,"z":-0.3006041944026947},"rotation":{"x":-0.08471813052892685,"y":0.18179725110530854,"z":-0.01770319789648056,"w":-0.9799573421478272},"size":6.937402725219727,"orthographic":true}